ciudad,juzgado
Ancud,Juzgado de Familia de Ancud
Ancud,Juzgado de Garantía de Ancud
Ancud,Juzgado de Letras de Ancud
Andacollo,Juzgado de Letras y Garantía de Andacollo
Angol,1º Juzgado de Letras de Angol
Angol,Juzgado de Familia de Angol
Angol,Juzgado de Garantía de Angol
Antofagasta,1º Juzgado de Letras en lo Civil de Antofagasta
Antofagasta,2º Juzgado de Letras en lo Civil de Antofagasta
Antofagasta,3º Juzgado de Letras en lo Civil de Antofagasta
Antofagasta,4º Juzgado de Letras en lo Civil de Antofagasta
Antofagasta,Juzgado de Familia de Antofagasta
Antofagasta,Juzgado de Garantía de Antofagasta
Antofagasta,Juzgado de Letras del Trabajo de Antofagasta
Arauco,Juzgado de Garantía de Arauco
Arauco,Juzgado de Letras de Arauco
Arica,1º Juzgado de Letras de Arica
Arica,2º Juzgado de Letras de Arica
Arica,3º Juzgado de Letras de Arica
Arica,Juzgado de Familia de Arica
Arica,Juzgado de Garantía de Arica
Arica,Juzgado de Letras del Trabajo de Arica
Buin,1º Juzgado de Letras de Buin
Buin,2º Juzgado de Letras de Buin
Buin,Juzgado de Familia de Buin
Bulnes,Juzgado de Letras y Garantía de Bulnes
Cabrero,Juzgado de Letras y Garantía de Cabrero
Calama,1º Juzgado de Letras de Calama
Calama,2º Juzgado de Letras de Calama
Calama,3º Juzgado de Letras de Calama
Calama,Juzgado de Familia de Calama
Calama,Juzgado de Garantía de Calama
Calama,Juzgado de Letras del Trabajo de Calama
Calbuco,Juzgado de Letras y Garantía de Calbuco
Caldera,Juzgado de Letras y Garantía de Caldera
Carahue,Juzgado de Letras y Garantía de Carahue
Casablanca,Juzgado de Familia de Casablanca
Casablanca,Juzgado de Garantía de Casablanca
Casablanca,Juzgado de Letras de Casablanca
Castro,Juzgado de Familia de Castro
Castro,Juzgado de Garantía de Castro
Castro,Juzgado de Letras de Castro
Castro,Juzgado de Letras del Trabajo de Castro
Cauquenes,Juzgado de Garantía de Cauquenes
Cauquenes,Juzgado de Letras de Cauquenes
Cañete,Juzgado de Garantía de Cañete
Cañete,Juzgado de Letras de Cañete
Chaitén,Juzgado de Letras y Garantía de Chaitén
Chanco,Juzgado de Letras y Garantía de Chanco
Chañaral,Juzgado de Letras y Garantía de Chañaral
Chiguayante,Juzgado de Garantía de Chiguayante
Chile Chico,Juzgado de Letras y Garantía de Chile Chico
Chillán,1º Juzgado Civil de Chillán
Chillán,2º Juzgado Civil de Chillán
Chillán,Juzgado de Familia de Chillán
Chillán,Juzgado de Garantía de Chillán
Chillán,Juzgado de Letras del Trabajo de Chillán
Cochrane,Juzgado de Letras y Garantía de Cochrane
Coelemu,Juzgado de Letras y Garantía de Coelemu
Colina,Juzgado de Familia de Colina
Colina,Juzgado de Garantía de Colina
Colina,Juzgado de Letras de Colina
Collipulli,Juzgado de Letras y Garantía de Collipulli
Combarbalá,Juzgado de Letras y Garantía de Combarbalá
Concepción,1º Juzgado Civil de Concepción
Concepción,2º Juzgado Civil de Concepción
Concepción,3º Juzgado Civil de Concepción
Concepción,Juzgado de Cobranza Laboral y Previsional de Concepción
Concepción,Juzgado de Familia de Concepción
Concepción,Juzgado de Garantía de Concepción
Concepción,Juzgado de Letras del Trabajo de Concepción
Constitución,Juzgado de Familia de Constitución
Constitución,Juzgado de Garantía de Constitución
Constitución,Juzgado de Letras de Constitución
Copiapó,1º Juzgado de Letras de Copiapó
Copiapó,2º Juzgado de Letras de Copiapó
Copiapó,3º Juzgado de Letras de Copiapó
Copiapó,4º Juzgado de Letras de Copiapó
Copiapó,Juzgado de Familia de Copiapó
Copiapó,Juzgado de Garantía de Copiapó
Copiapó,Juzgado de Letras del Trabajo de Copiapó
Coquimbo,1º Juzgado de Letras de Coquimbo
Coquimbo,2º Juzgado de Letras de Coquimbo
Coquimbo,3º Juzgado de Letras de Coquimbo
Coquimbo,Juzgado de Familia de Coquimbo
Coquimbo,Juzgado de Garantía de Coquimbo
Coronel,1º Juzgado de Letras de Coronel
Coronel,2º Juzgado de Letras de Coronel
Coronel,Juzgado de Familia de Coronel
Coronel,Juzgado de Garantía de Coronel
Coyhaique,1º Juzgado de Letras de Coyhaique
Coyhaique,Juzgado de Familia de Coyhaique
Coyhaique,Juzgado de Garantía de Coyhaique
Coyhaique,Juzgado de Letras del Trabajo de Coyhaique
Curacautín,Juzgado de Letras y Garantía de Curacautín
Curacaví,Juzgado de Garantía de Curacaví
Curanilahue,Juzgado de Letras y Garantía de Curanilahue
Curepto,Juzgado de Letras y Garantía de Curepto
Curicó,1º Juzgado de Letras de Curicó
Curicó,2º Juzgado de Letras de Curicó
Curicó,Juzgado de Familia de Curicó
Curicó,Juzgado de Garantía de Curicó
Curicó,Juzgado de Letras del Trabajo de Curicó
Diego De Almagro,Juzgado de Garantía de Diego de Almagro
Diego De Almagro,Juzgado de Letras de Diego de Almagro
Florida,Juzgado de Letras y Garantía de Florida
Freirina,Juzgado de Letras y Garantía de Freirina
Graneros,Juzgado de Garantía de Graneros
Hualaihué,Juzgado de Letras y Garantía de Hualaihué
Illapel,Juzgado de Garantía de Illapel
Illapel,Juzgado de Letras de Illapel
Iquique,1º Juzgado de Letras de Iquique
Iquique,2º Juzgado de Letras de Iquique
Iquique,3º Juzgado de Letras de Iquique
Iquique,Juzgado de Familia de Iquique
Iquique,Juzgado de Garantía de Iquique
Iquique,Juzgado de Letras del Trabajo de Iquique
Isla De Pascua,Juzgado de Letras y Garantía de Isla de Pascua
La Calera,Juzgado de Garantía de La Calera
La Calera,Juzgado de Letras de Calera
La Ligua,Juzgado de Familia de La Ligua
La Ligua,Juzgado de Garantía de La Ligua
La Ligua,Juzgado de Letras de La Ligua
La Serena,1º Juzgado de Letras de La Serena
La Serena,2º Juzgado de Letras de La Serena
La Serena,3º Juzgado de Letras de La Serena
La Serena,Juzgado de Familia de La Serena
La Serena,Juzgado de Garantía de La Serena
La Serena,Juzgado de Letras del Trabajo de La Serena
La Unión,Juzgado de Letras y Garantía de La Unión
Laja,Juzgado de Letras y Garantía de Laja
Lautaro,Juzgado de Garantía de Lautaro
Lautaro,Juzgado de Letras de Lautaro
Lebu,Juzgado de Letras y Garantía de Lebu
Licantén,Juzgado de Letras y Garantía de Licantén
Limache,Juzgado de Familia de Limache
Limache,Juzgado de Garantía de Limache
Limache,Juzgado de Letras de Limache
Linares,1º Juzgado de Letras de Linares
Linares,2º Juzgado de Letras de Linares
Linares,Juzgado de Familia de Linares
Linares,Juzgado de Garantía de Linares
Litueche,Juzgado de Letras y Garantía de Litueche
Loncoche,Juzgado de Garantía de Loncoche
Loncoche,Juzgado de Letras de Loncoche
Los Andes,1º Juzgado de Letras de Los Andes
Los Andes,2º Juzgado de Letras de Los Andes
Los Andes,Juzgado de Familia de Los Andes
Los Andes,Juzgado de Garantía de Los Andes
Los Lagos,Juzgado de Garantía de Los Lagos
Los Lagos,Juzgado de Letras de Los Lagos
Los Muermos,Juzgado de Letras y Garantía de Los Muermos
Los Vilos,Juzgado de Letras y Garantía de Los Vilos
Los Ángeles,1º Juzgado de Letras de Los Ángeles
Los Ángeles,2º Juzgado de Letras de Los Ángeles
Los Ángeles,Juzgado de Familia de Los Ángeles
Los Ángeles,Juzgado de Garantía de Los Ángeles
Los Ángeles,Juzgado de Letras del Trabajo de Los Ángeles
Lota,Juzgado de Letras y Garantía de Lota
Mariquina,Juzgado de Garantía de Mariquina
Mariquina,Juzgado de Letras de Mariquina
María Elena,Juzgado de Letras y Garantía de María Elena
Maullín,Juzgado de Letras y Garantía de Maullín
Melipilla,1º Juzgado de Letras de Melipilla
Melipilla,Juzgado de Familia de Melipilla
Melipilla,Juzgado de Garantía de Melipilla
Molina,Juzgado de Garantía de Molina
Molina,Juzgado de Letras de Molina
Mulchén,Juzgado de Letras y Garantía de Mulchén
Nacimiento,Juzgado de Letras y Garantía de Nacimiento
Nueva Imperial,Juzgado de Garantía de Nueva Imperial
Nueva Imperial,Juzgado de Letras de Nueva Imperial
Osorno,1º Juzgado de Letras de Osorno
Osorno,2º Juzgado de Letras de Osorno
Osorno,Juzgado de Familia de Osorno
Osorno,Juzgado de Garantía de Osorno
Osorno,Juzgado de Letras del Trabajo de Osorno
Ovalle,1º Juzgado de Letras de Ovalle
Ovalle,2º Juzgado de Letras de Ovalle
Ovalle,3º Juzgado de Letras de Ovalle
Ovalle,Juzgado de Familia de Ovalle
Ovalle,Juzgado de Garantía de Ovalle
Paillaco,Juzgado de Letras y Garantía de Paillaco
Panguipulli,Juzgado de Letras y Garantía de Panguipulli
Parral,Juzgado de Familia de Parral
Parral,Juzgado de Garantía de Parral
Parral,Juzgado de Letras de Parral
Peralillo,Juzgado de Letras y Garantía de Peralillo
Petorca,Juzgado de Letras y Garantía de Petorca
Peumo,1º Juzgado de Letras y Garantía de Peumo
Peñaflor,Juzgado de Familia de Peñaflor
Peñaflor,Juzgado de Letras de Peñaflor
Pichilemu,Juzgado de Letras y Garantía de Pichilemu
Pitrufquén,Juzgado de Garantía de Pitrufquén
Pitrufquén,Juzgado de Letras de Pitrufquén
Porvenir,Juzgado de Letras y Garantía de Porvenir
Pozo Almonte,Juzgado de Letras y Garantía de Pozo Almonte
Pucón,Juzgado de Letras y Garantía de Pucón
Pudahuel,Juzgado de Familia de Pudahuel
Puente Alto,1º Juzgado Civil de Puente Alto
Puente Alto,Juzgado de Familia de Puente Alto
Puente Alto,Juzgado de Garantía de Puente Alto
Puente Alto,Juzgado de Letras del Trabajo de Puente Alto
Puerto Aysén,Juzgado de Letras y Garantía de Puerto Aysén
Puerto Cisnes,Juzgado de Letras y Garantía de Puerto Cisnes
Puerto Montt,1º Juzgado Civil de Puerto Montt
Puerto Montt,2º Juzgado Civil de Puerto Montt
Puerto Montt,Juzgado de Familia de Puerto Montt
Puerto Montt,Juzgado de Garantía de Puerto Montt
Puerto Montt,Juzgado de Letras del Trabajo de Puerto Montt
Puerto Natales,Juzgado de Letras y Garantía de Puerto Natales
Puerto Varas,1º Juzgado de Letras de Puerto Varas
Puerto Varas,Juzgado de Familia de Puerto Varas
Puerto Varas,Juzgado de Garantía de Puerto Varas
Punta Arenas,1º Juzgado de Letras de Punta Arenas
Punta Arenas,2º Juzgado de Letras de Punta Arenas
Punta Arenas,3º Juzgado de Letras de Punta Arenas
Punta Arenas,Juzgado de Familia de Punta Arenas
Punta Arenas,Juzgado de Garantía de Punta Arenas
Punta Arenas,Juzgado de Letras del Trabajo de Punta Arenas
Purén,Juzgado de Letras y Garantía de Purén
Putaendo,Juzgado de Letras y Garantía de Putaendo
Quellón,Juzgado de Letras y Garantía de Quellón
Quillota,1º Juzgado de Letras de Quillota
Quillota,2º Juzgado de Letras de Quillota
Quillota,Juzgado de Familia de Quillota
Quillota,Juzgado de Garantía de Quillota
Quilpué,1º Juzgado de Letras de Quilpué
Quilpué,2º Juzgado de Letras de Quilpué
Quilpué,Juzgado de Familia de Quilpué
Quilpué,Juzgado de Garantía de Quilpué
Quinchao,Juzgado de Letras y Garantía de Quinchao
Quintero,Juzgado de Letras y Garantía de Quintero
Quirihue,Juzgado de Letras y Garantía de Quirihue
Rancagua,1º Juzgado Civil de Rancagua
Rancagua,2º Juzgado Civil de Rancagua
Rancagua,Juzgado de Familia de Rancagua
Rancagua,Juzgado de Garantía de Rancagua
Rancagua,Juzgado de Letras del Trabajo de Rancagua
Rengo,1º Juzgado de Letras de Rengo
Rengo,Juzgado de Familia de Rengo
Rengo,Juzgado de Garantía de Rengo
Río Bueno,Juzgado de Letras y Garantía de Río Bueno
Río Negro,Juzgado de Garantía de Río Negro
Río Negro,Juzgado de Letras de Río Negro
San Antonio,1º Juzgado de Letras de San Antonio
San Antonio,2º Juzgado de Letras de San Antonio
San Antonio,Juzgado de Familia de San Antonio
San Antonio,Juzgado de Garantía de San Antonio
San Bernardo,1º Juzgado de Letras de San Bernardo
San Bernardo,2º Juzgado de Letras de San Bernardo
San Bernardo,Juzgado de Familia de San Bernardo
San Bernardo,Juzgado de Garantía de San Bernardo
San Bernardo,Juzgado de Letras del Trabajo de San Bernardo
San Carlos,1º Juzgado de Letras de San Carlos
San Carlos,Juzgado de Garantía de San Carlos
San Felipe,1º Juzgado de Letras de San Felipe
San Felipe,Juzgado de Familia de San Felipe
San Felipe,Juzgado de Garantía de San Felipe
San Felipe,Juzgado de Letras del Trabajo de San Felipe
San Fernando,1º Juzgado de Letras de San Fernando
San Fernando,2º Juzgado de Letras de San Fernando
San Fernando,Juzgado de Familia de San Fernando
San Fernando,Juzgado de Garantía de San Fernando
San Javier,Juzgado de Garantía de San Javier
San Javier,Juzgado de Letras de San Javier
San Miguel,1º Juzgado Civil de San Miguel
San Miguel,1º Juzgado de Familia de San Miguel
San Miguel,2º Juzgado Civil de San Miguel
San Miguel,2º Juzgado de Familia de San Miguel
San Miguel,3º Juzgado Civil de San Miguel
San Miguel,4º Juzgado Civil de San Miguel
San Miguel,8º Juzgado del Crimen de San Miguel
San Miguel,Juzgado de Cobranza Laboral y Previsional de San Miguel
San Miguel,Juzgado de Letras del Trabajo de San Miguel
San Pedro De La Paz,Juzgado de Garantía de San Pedro de la Paz
San Vicente,Juzgado de Garantía de San Vicente de Tagua Tagua
San Vicente,Juzgado de Letras de San Vicente
Santa Bárbara,Juzgado de Letras y Garantía de Santa Bárbara
Santa Cruz,1º Juzgado de Letras de Santa Cruz
Santa Cruz,Juzgado de Familia de Santa Cruz
Santa Cruz,Juzgado de Garantía de Santa Cruz
Santa Juana,Juzgado de Letras y Garantía de Santa Juana
Santiago,10º Juzgado Civil de Santiago
Santiago,10º Juzgado de Garantía de Santiago
Santiago,11º Juzgado Civil de Santiago
Santiago,11º Juzgado de Garantía de Santiago
Santiago,12º Juzgado Civil de Santiago
Santiago,12º Juzgado de Garantía de Santiago
Santiago,13º Juzgado Civil de Santiago
Santiago,13º Juzgado de Garantía de Santiago
Santiago,14º Juzgado Civil de Santiago
Santiago,14º Juzgado de Garantía de Santiago
Santiago,15º Juzgado Civil de Santiago
Santiago,15º Juzgado de Garantía de Santiago
Santiago,16º Juzgado Civil de Santiago
Santiago,17º Juzgado Civil de Santiago
Santiago,18º Juzgado Civil de Santiago
Santiago,19º Juzgado Civil de Santiago
Santiago,1º Juzgado Civil de Santiago
Santiago,1º Juzgado de Familia de Santiago
Santiago,1º Juzgado de Garantía de Santiago
Santiago,1º Juzgado de Letras del Trabajo de Santiago
Santiago,20º Juzgado Civil de Santiago
Santiago,21º Juzgado Civil de Santiago
Santiago,22º Juzgado Civil de Santiago
Santiago,23º Juzgado Civil de Santiago
Santiago,24º Juzgado Civil de Santiago
Santiago,25º Juzgado Civil de Santiago
Santiago,26º Juzgado Civil de Santiago
Santiago,27º Juzgado Civil de Santiago
Santiago,28º Juzgado Civil de Santiago
Santiago,29º Juzgado Civil de Santiago
Santiago,2º Juzgado Civil de Santiago
Santiago,2º Juzgado de Familia de Santiago
Santiago,2º Juzgado de Garantía de Santiago
Santiago,2º Juzgado de Letras del Trabajo de Santiago
Santiago,30º Juzgado Civil de Santiago
Santiago,34º Juzgado del Crimen de Santiago
Santiago,3º Juzgado Civil de Santiago
Santiago,3º Juzgado de Familia de Santiago
Santiago,3º Juzgado de Garantía de Santiago
Santiago,4º Juzgado Civil de Santiago
Santiago,4º Juzgado de Familia de Santiago
Santiago,4º Juzgado de Garantía de Santiago
Santiago,5º Juzgado Civil de Santiago
Santiago,5º Juzgado de Garantía de Santiago
Santiago,5º Juzgado del Trabajo de Santiago
Santiago,6º Juzgado Civil de Santiago
Santiago,6º Juzgado de Garantía de Santiago
Santiago,6º Juzgado del Trabajo de Santiago
Santiago,7º Juzgado Civil de Santiago
Santiago,7º Juzgado de Garantía de Santiago
Santiago,8º Juzgado Civil de Santiago
Santiago,8º Juzgado de Garantía de Santiago
Santiago,9º Juzgado Civil de Santiago
Santiago,9º Juzgado de Garantía de Santiago
Santiago,Juzgado de Cobranza Laboral y Previsional de Santiago
Talagante,1º Juzgado de Letras de Talagante
Talagante,2º Juzgado de Letras de Talagante
Talagante,Juzgado de Familia de Talagante
Talagante,Juzgado de Garantía de Talagante
Talca,1º Juzgado de Letras de Talca
Talca,2º Juzgado de Letras de Talca
Talca,3º Juzgado de Letras de Talca
Talca,4º Juzgado de Letras de Talca
Talca,Juzgado de Familia de Talca
Talca,Juzgado de Garantía de Talca
Talca,Juzgado de Letras del Trabajo de Talca
Talcahuano,1º Juzgado Civil de Talcahuano
Talcahuano,2º Juzgado Civil de Talcahuano
Talcahuano,Juzgado de Familia de Talcahuano
Talcahuano,Juzgado de Garantía de Talcahuano
Taltal,Juzgado de Letras y Garantía de Taltal
Temuco,1º Juzgado Civil de Temuco
Temuco,2º Juzgado Civil de Temuco
Temuco,3º Juzgado Civil de Temuco
Temuco,Juzgado de Familia de Temuco
Temuco,Juzgado de Garantía de Temuco
Temuco,Juzgado de Letras del Trabajo de Temuco
Tocopilla,Juzgado de Garantía de Tocopilla
Tocopilla,Juzgado de Letras de Tocopilla
Toltén,Juzgado de Letras y Garantía de Toltén
Tomé,Juzgado de Familia de Tomé
Tomé,Juzgado de Garantía de Tomé
Tomé,Juzgado de Letras de Tomé
Traiguén,Juzgado de Letras y Garantía de Traiguén
Valdivia,1º Juzgado Civil de Valdivia
Valdivia,2º Juzgado Civil de Valdivia
Valdivia,Juzgado de Familia de Valdivia
Valdivia,Juzgado de Garantía de Valdivia
Valdivia,Juzgado de Letras del Trabajo de Valdivia
Vallenar,1º Juzgado de Letras de Vallenar
Vallenar,2º Juzgado de Letras de Vallenar
Vallenar,Juzgado de Familia de Vallenar
Vallenar,Juzgado de Garantía de Vallenar
Valparaíso,1º Juzgado Civil de Valparaíso
Valparaíso,2º Juzgado Civil de Valparaíso
Valparaíso,3º Juzgado Civil de Valparaíso
Valparaíso,4º Juzgado Civil de Valparaíso
Valparaíso,5º Juzgado Civil de Valparaíso
Valparaíso,Juzgado de Cobranza Laboral y Previsional de Valparaíso
Valparaíso,Juzgado de Familia de Valparaíso
Valparaíso,Juzgado de Garantía de Valparaíso
Valparaíso,Juzgado de Letras del Trabajo de Valparaíso
Victoria,Juzgado de Garantía de Victoria
Victoria,Juzgado de Letras de Victoria
Vicuña,Juzgado de Garantía de Vicuña
Vicuña,Juzgado de Letras de Vicuña
Villa Alemana,Juzgado de Familia de Villa Alemana
Villa Alemana,Juzgado de Garantía de Villa Alemana
Villa Alemana,Juzgado de Letras de Villa Alemana
Villarrica,Juzgado de Garantía de Villarrica
Villarrica,Juzgado de Letras de Villarrica
Viña Del Mar,1º Juzgado Civil de Viña del Mar
Viña Del Mar,2º Juzgado Civil de Viña del Mar
Viña Del Mar,3º Juzgado Civil de Viña del Mar
Viña Del Mar,Juzgado de Familia de Viña del Mar
Viña Del Mar,Juzgado de Garantía de Viña del Mar
Yumbel,Juzgado de Familia de Yumbel
Yumbel,Juzgado de Letras y Garantía de Yumbel
Yungay,Juzgado de Garantía de Yungay
Yungay,Juzgado de Letras de Yungay
